FIRST,LAST
Kathryn,Solomon
Bradyn,Daugherty
Sydney,Gordon
Darryl,Gay
Philip,Shelton
Nia,Stewart
Corbin,Atkins
Alex,Sosa
Cassandra,Lindsey
Jayden,Levine
Ada,Conway
Audrina,Mercado
Luciano,Henson
Essence,Solis
Jayla,Cox
Paisley,Beasley
Emanuel,Mason
Viviana,French
Ezequiel,Hendrix
Soren,Delgado
Tristian,Huerta
Kate,Irwin
Cameron,Ramirez
Rachael,Peters
Kyan,Schultz
Meredith,Hebert
Trevor,Stokes
Jaxson,Sweeney
Christine,Silva
Lamar,Novak
Melina,Holt
Willow,Harvey
Kennedy,Fletcher
Cynthia,Castillo
Kathy,Greer
Carlo,Ali
Jacoby,Kaufman
Vance,Montoya
Jaida,Boyer
Julianne,Burns
Kennedi,Simon
Jack,Barron
Laura,Pace
Casey,Mayo
Yair,Day
Carlee,Navarro
Amaya,Mays
Sterling,Campbell
Marques,Lloyd
Javier,Mooney
Milagros,Allen
Antonio,Dean
Enrique,Hodge
Gabriel,Waters
German,Howell
Howard,Huber
Brylee,Casey
Yael,Lane
Justine,Nixon
Georgia,Little
Krystal,Robles
Morgan,Charles
Theodore,Peterson
Elisha,Snyder
Cherish,Wilkins
Dahlia,Quinn
Caden,Shepard
Brayden,Woodward
Cailyn,Shannon
Maria,Howard
Sharon,Mahoney
Gianna,Olson
Shamar,Cook
Miranda,Oconnell
Akira,Mcintyre
Jerimiah,Donaldson
Judith,Alvarez
Tate,Carter
Jamari,Cherry
Kimora,Cardenas
Clinton,Miles
Lily,Simpson
Ali,Gallagher
Parker,Bautista
Alanna,Cooley
Laylah,Hickman
Giada,Roberts
Emmett,Frazier
Fernando,Friedman
Jeffrey,Archer
Angel,Bates
Lola,Dougherty
Rhys,Harrington
William,Holder
Justice,Sexton
Jase,Gillespie
Danika,Ballard
Cory,Krause
Sincere,Stark
Muhammad,Lee
Ally,Spence
Keenan,Esparza
Mareli,Cochran
Shaun,Mcdaniel
Zaniyah,Khan
Matthew,Carr
Anahi,Palmer
Charlee,Preston
Reagan,Rhodes
Francisco,Gamble
Jordon,Stephens
Kolton,Moses
Liberty,Wolfe
Axel,Baker
Davis,Morton
Beckett,Booker
Aydin,Hooper
Roberto,Blackburn
Davin,Mathis
Rayne,Wilkinson
Hailee,Lin
Addisyn,Price
Leland,Moon
Aurora,Carroll
Madisyn,Velazquez
Carsen,Lucero
Quinn,Acevedo
Victoria,Yu
Brennen,Acosta
Ricky,Ball
Baylee,Stanley
Donte,Stevens
Edith,Fuller
Enzo,Carey
Tucker,Shea
Jairo,Powers
Romeo,Austin
Cassie,Meadows
Francesca,Hatfield
Cora,Pittman
Ean,Sloan
August,Ibarra
Marquise,Bean
Tony,Osborne
Jaron,Hutchinson
Dayton,Hicks
Devan,Mcgee
Kailey,Reese
Madden,Bradshaw
Anabella,Hartman
Miley,Oneill
Yaritza,Pacheco
Taylor,Goodman
Amber,Mccall
Jaylene,Obrien
Denisse,Sandoval
Jaliyah,Bright
Cecelia,Mullen
Grace,Brennan
Ernesto,Lozano
Haven,Benson
Cason,Kramer
Sienna,Decker
Azul,Mendoza
Callum,Maddox
Javion,Rowland
Keira,Medina
Sammy,Chapman
Lorena,Lynch
Savion,Pena
Imani,Davis
Gael,Saunders
Gunnar,Watson
Derrick,Mckay
Jessie,Tanner
Jasmine,Ferrell
Phoebe,Blankenship
Zain,Cooper
Ariana,Glass
Jaylin,Rios
Livia,Elliott
Jade,Cantrell
Ariel,Bartlett
Claire,Choi
Uriah,Estes
Beau,Becker
Brodie,Mueller
Christina,Barajas
Marlee,Kim
Valery,Salazar
Louis,Murphy
Marina,Owens
Karsyn,Diaz
Ace,Ellison
Kinley,Horton
Trevon,Woodard
Davian,Wang
Walter,Serrano
Adonis,Brooks
Nancy,Suarez
Geovanni,Underwood
Baron,Dawson
Jameson,Foster
Quentin,Norman
Mariela,Skinner
Tatum,Pope
Bobby,Kerr
Zaiden,Chung
Janet,Odonnell
Kaylen,Stevenson
Briana,Kaiser
Pierre,Cross
Maribel,Beck
Ronnie,Collier
Ariella,Compton
Jovani,Martin
Amy,Hull
Skyla,Ortiz
Iris,Reeves
Cyrus,Jennings
Chana,Paul
Emery,Collins
Alisa,Cantu
Adrienne,Keller
Israel,Cabrera
Nyasia,Dyer
Trystan,Shepherd
Malcolm,Rich
Ronin,Case
Nicolas,Lambert
Karissa,Schmidt
Steve,Barber
Deacon,Meyer
Jesse,Stone
Holly,Walsh
Lane,Valdez
Kayleigh,Haynes
Neil,Houston
Mya,Tate
Carly,Willis
Amelie,Horne
Myah,Nelson
Byron,Rollins
Susan,Harmon
Amiya,Flowers
Ingrid,White
Anna,Rowe
Jazmin,Jones
Laurel,Fleming
Colby,Ayers
